alpha,group,ticker,mean,std,ic_5d,t_stat
1,A,XLB,0.049038346673037865,0.212774841980219,0.009316358376775084,0.25497989811878624
1,A,XLC,0.04181101421574484,0.2351858675453422,0.005865518748289511,0.16052948302089246
1,A,XLE,0.05560864890694063,0.28855593411429015,-0.0037229414267887966,-0.10188966212660092
1,A,XLF,0.041213714012662765,0.21796974230743535,-0.040541243589731046,-1.110440186644107
1,A,XLI,0.060207860470672565,0.2052674027419641,0.010870981960301451,0.29753314131564845
1,A,XLK,0.0493369967745789,0.24328435488991182,0.027360292466859996,0.7490731984655493
1,A,XLP,0.03912316330187552,0.251902478510862,0.027382927152618815,0.7496933582851457
1,A,XLU,0.04169155417512842,0.2638702584698271,-0.04714255189230017,-1.2916270334273778
1,A,XLV,0.039003703261259105,0.2523199921182311,-0.05222909747803569,-1.431352466890758
1,A,XLRE,0.03088042049934297,0.232556791351907,0.0029523310528130537,0.08079934795403766
1,A,XLY,0.05208457770875641,0.23866660472110424,-0.010084127838866528,-0.2759950762274638
2,A,XLB,0.06122140193287736,0.45182622935332467,0.008452072145374497,0.23224810776916302
2,A,XLC,-0.06414673753238419,0.45926228286164383,-0.022245733518048923,-0.6114031798811945
2,A,XLE,0.01263620479259589,0.4694016478532,-0.0026305280927678234,-0.07227996317429611
2,A,XLF,0.020869234819034153,0.4416315793597693,-0.010475032647512752,-0.287841022725391
2,A,XLI,0.07743152981083282,0.4530041102639204,-0.020165741003920497,-0.5542120743689656
2,A,XLK,-0.00564219218401405,0.4664201444111787,0.023379411164832362,0.6425778765621175
2,A,XLP,0.0066015703476884156,0.4252042452543006,-0.03293301408928611,-0.9054002245549211
2,A,XLU,0.03498649898331633,0.44372711111557406,0.03210467651167169,0.8826036221411399
2,A,XLV,0.011197560635687115,0.45182639588918855,0.05705191684349534,1.5701880444812606
2,A,XLRE,0.05148733657900147,0.46180949295275286,-0.039212391157445264,-1.0782785032441944
2,A,XLY,-0.0025240362189600206,0.4395586283161648,0.015750955929636826,0.4325601116009889
3,A,XLB,0.027591806471483515,0.3659551588470393,0.039676197041763804,0.5822256990951314
3,A,XLC,-0.04167797180734354,0.3665564499508596,-0.15859758298848325,-1.6063063556467183
3,A,XLE,-0.06178879858777574,0.33769458931331836,0.03278249081085448,0.47870199971225225
3,A,XLF,-0.16500661485627313,0.32100384759303774,0.08243154937538652,0.8353607994219096
3,A,XLI,0.09487383330763915,0.23134379852252793,,
3,A,XLK,-0.03943670496949966,0.3293301054141882,-0.015097933537462065,-0.19277948479030108
3,A,XLP,0.04069036348681526,0.38359621175546665,0.000342394563989937,0.0057599684450332115
3,A,XLU,-0.00694705390115219,0.3280765758001424,0.12594464710741887,1.1909487179223743
3,A,XLV,,,,
3,A,XLRE,0.05939547630999992,0.3619470034870702,0.041821819800381875,0.40583265598943097
3,A,XLY,-0.06048093385954745,0.35549019599069476,-0.04460439241496265,-0.5838592151823347
4,A,XLB,-0.9400489984147572,0.17396448942150058,-0.03820957704963744,-1.0534413923038062
4,A,XLC,-0.9721861939760772,0.12966870001759362,0.017726542312174486,0.48844218410710377
4,A,XLE,-0.9448047269058942,0.17057664198582198,0.019221397802274085,0.5296464885371642
4,A,XLF,-0.972618532929817,0.12707648011769032,0.005710651945786241,0.15733076742279603
4,A,XLI,-0.9962530624009223,0.052685339661624024,-0.02462124962898896,-0.678520002764309
4,A,XLK,-0.9603859139851358,0.14637065280723432,0.04878636851578123,1.3456646078197052
4,A,XLP,-0.9272229427871451,0.19229291108066607,0.026932429290799136,0.7422564538071867
4,A,XLU,-0.9528750540423693,0.14930286851082986,0.036716243219457226,1.0122133384503864
4,A,XLV,-1.0,0.0,,
4,A,XLRE,-0.9659229407283882,0.14152336720073938,0.06844781306909915,1.8901671568246001
4,A,XLY,-0.9534515059806888,0.153505535603942,0.04873043198322361,1.3441180470165088
5,B,XLB,-0.2817956716081937,0.15805733858543555,-0.031215681598988645,-0.8604099136880725
5,B,XLC,-0.29094446409621505,0.2191761980922687,-0.06062645963268031,-1.6733342697557356
5,B,XLE,-0.29753673987844487,0.2849259192561768,-0.05142479270059754,-1.4186277345488112
5,B,XLF,-0.27842449968378513,0.18158931432163508,-0.005766331506566456,-0.15886481257078416
5,B,XLI,-0.3366830669625152,0.25732071219842956,0.008084377082971196,0.22273150049796328
5,B,XLK,-0.3448832148867522,0.28538601421673304,0.049444343171092434,1.3638575718245873
5,B,XLP,-0.2849417414327213,0.20735085621188248,-0.004429350689556471,-0.12202960759263834
5,B,XLU,-0.2515623157646504,0.21771885673880548,-0.030138835549919904,-0.8307009209982171
5,B,XLV,-0.32437212592854614,0.30300863578308296,0.049900532166047805,1.376472216594704
5,B,XLRE,-0.2700260475287005,0.1776143324949099,0.04813135170207489,1.3275551722776162
5,B,XLY,-0.31548595255705264,0.29192640642832784,0.023251353737596212,0.6407469659822856
6,A,XLB,0.17602387329780994,0.4387792117794935,0.010718323157602261,0.29452710632052015
6,A,XLC,0.15205310950000758,0.4308124915321435,-0.0037804673066503956,-0.10387763799671006
6,A,XLE,0.12950256989332395,0.4303010622115357,-0.04829269104684031,-1.3285010474465953
6,A,XLF,0.15956730469771163,0.4298599597160344,-0.008079968755540165,-0.2220226767713144
6,A,XLI,0.21966178361291483,0.39871799669267854,0.013491024028122458,0.3707301591983432
6,A,XLK,0.193277555726587,0.4483242976008016,-0.01078747987600007,-0.29642767330372466
6,A,XLP,0.12536618789943046,0.445810309897389,0.02046489930065202,0.562437217157373
6,A,XLU,0.11939749359457595,0.441045447881874,-0.029592981752507408,-0.8134904352115389
6,A,XLV,0.189290520840243,0.4256089980782885,0.059532758403108316,1.638703762240709
6,A,XLRE,0.1631473192231937,0.44584549706140386,0.032482951869059744,0.8930138748164542
6,A,XLY,0.1929946923143899,0.43319466635040516,0.018038285547376968,0.4957233777066203
7,A,XLB,-1.0,0.0,,
7,A,XLC,-1.0,0.0,,
7,A,XLE,-1.0,0.0,,
7,A,XLF,-1.0,0.0,,
7,A,XLI,-1.0,0.0,,
7,A,XLK,-1.0,0.0,,
7,A,XLP,-1.0,0.0,,
7,A,XLU,-1.0,0.0,,
7,A,XLV,-1.0,0.0,,
7,A,XLRE,-1.0,0.0,,
7,A,XLY,-1.0,0.0,,
8,A,XLB,-0.5514354066985646,0.20534963955210525,0.002059597503422425,0.05632926400144642
8,A,XLC,-0.5410287081339712,0.28499189854523904,-0.01183590351823269,-0.32372976889202537
8,A,XLE,-0.5557416267942584,0.3174026429908119,-0.09099752066771015,-2.4991132831484784
8,A,XLF,-0.5471291866028707,0.218976427261471,0.027743936698919232,0.7590774536632037
8,A,XLI,-0.54377990430622,0.30636105968826133,-0.015084086908933437,-0.4125905132698894
8,A,XLK,-0.5411483253588516,0.3227103559768469,0.036923232122665746,1.010524282120275
8,A,XLP,-0.5375598086124401,0.27139187619360294,0.04162314002137107,1.1393631514981273
8,A,XLU,-0.5535885167464115,0.27686633958666823,-0.00749674470459722,-0.20503864576531142
8,A,XLV,-0.5376794258373205,0.3525288968389032,-0.004104601176743873,-0.11226009947598044
8,A,XLRE,-0.5458133971291866,0.22773311036963154,0.09113203024114654,2.502838304715423
8,A,XLY,-0.5450956937799043,0.33672403280748037,0.023411805732022842,0.6404788079398215
9,A,XLB,-0.005753246753246698,0.49753353046415716,-0.021520916731508393,-0.5926468289168563
9,A,XLC,0.009376623376623393,0.9100735910877461,-0.004877066964837688,-0.1342760282065828
9,A,XLE,-0.007110389610389552,0.6630891233141936,0.03362366193351533,0.9262436595069402
9,A,XLF,-0.013714285714285745,0.4310243901372431,0.007972449505110365,0.21950285956365106
9,A,XLI,-0.020402597402597356,1.0736826840855171,-0.016323417957302275,-0.4494729611023487
9,A,XLK,-0.04166883116883116,1.1288272166204305,0.020548466049104305,0.5658557292970628
9,A,XLP,-0.0038441558441557992,0.62106521742052,-0.02495788531273037,-0.6873496087793466
9,A,XLU,-0.010974025974026,0.3820539751090729,0.07265411952747863,2.0055990759187936
9,A,XLV,-0.026324675324675282,1.1718786107460186,0.050125926984782014,1.381794031895635
9,A,XLRE,0.01814285714285715,0.5292933241580967,0.02738265384720211,0.7541765410764477
9,A,XLY,-0.008090909090909041,1.2674183253727722,0.013144309149766185,0.3619177541000564
10,A,XLB,0.5501180637544274,0.20595033694536505,-0.004368605859753733,-0.12027672964691373
10,A,XLC,0.5378984651711924,0.28661268542898166,-0.03885120611965719,-1.0704518124632214
10,A,XLE,0.5506493506493506,0.31203829871072625,0.0054928863963708,0.15123133004428027
10,A,XLF,0.5382526564344746,0.2139597081300789,-0.053941542015868,-1.487273063463084
10,A,XLI,0.538961038961039,0.3129597209132738,-0.02628699634270128,-0.7239785005760315
10,A,XLK,0.5455726092089728,0.3221802823758442,0.023023671540124795,0.634051189608429
10,A,XLP,0.547874852420307,0.26679532675548623,0.02892351100963781,0.7966496106104627
10,A,XLU,0.543624557260921,0.2756656538239401,0.02389599781712069,0.6580877448612288
10,A,XLV,0.5438016528925619,0.33857113679270434,0.05123597291139108,1.4124737268509673
10,A,XLRE,0.5646989374262101,0.2437406461302794,-0.011018864613759276,-0.3033875930423317
10,A,XLY,0.538547815820543,0.3442538837661714,0.011762427203861971,0.32386319566168975
11,B,XLB,0.6085087379476584,0.3477609400437021,-0.028807812394805846,-0.7924127614132677
11,B,XLC,0.6041989497245178,0.3562149917881866,0.034562530417360536,0.9508805867964516
11,B,XLE,0.592733083677686,0.5451385769046192,-0.035296376409518264,-0.9710950001228048
11,B,XLF,0.6098108212809917,0.4707454318286549,0.055570417814088786,1.5302985386991717
11,B,XLI,0.5636675705922864,0.32065003173912465,0.04666770440357595,1.2845492837151442
11,B,XLK,0.5615153667355371,0.37661091857002604,-0.003628922444746603,-0.09977952776936369
11,B,XLP,0.6045271608126721,0.37436350833812376,0.03931532976965268,1.0818292603066675
11,B,XLU,0.6157670454545454,0.447108153344293,0.08331157237140983,2.2986807730967964
11,B,XLV,0.5772049328512397,0.3720460252123271,0.03640793668000762,1.0017168813758797
11,B,XLRE,0.630224474862259,0.36851436948615834,0.0265863192454185,0.7312614076558063
11,B,XLY,0.5726099776170799,0.34640931002277786,0.006445037906843074,0.17721292500869207
12,A,XLB,0.07197402597402619,0.49232688333331026,-0.02345934531422445,-0.6460557984583076
12,A,XLC,0.08955844155844168,0.9056990847300176,-0.04801844010218163,-1.323560873888509
12,A,XLE,0.09370779220779223,0.656464195216389,-0.009573845969241645,-0.2635972912480528
12,A,XLF,0.07015584415584425,0.42549043270185105,0.02847181808891499,0.7841983128860068
12,A,XLI,0.2001428571428571,1.0550365207846992,-0.02675147698640612,-0.7367799909938894
12,A,XLK,0.16230519480519473,1.1178605467246643,0.006318231423898904,0.17395575482240996
12,A,XLP,0.06799999999999974,0.6173384712104135,0.019820108470853696,0.5457904721460876
12,A,XLU,0.03215584415584409,0.38085493673203363,0.02511001716764955,0.6915420130077
12,A,XLV,0.13648051948051979,1.1641916567018467,0.08689266067396928,2.4013941791473923
12,A,XLRE,0.08907792207792219,0.5220496333376533,-0.003681425526621629,-0.10135695740468262
12,A,XLY,0.15063636363636368,1.258449020746454,-0.005983184213107838,-0.16473077848025314
13,A,XLB,-0.5828217237308146,0.2715851913223394,0.004502419076964553,0.12396095708488357
13,A,XLC,-0.49049586776859505,0.20138890781596824,0.02195864008738091,0.6047066895561076
13,A,XLE,-0.3454545454545454,0.27335114048759174,-0.0287852273667941,-0.7928376534143015
13,A,XLF,-0.38961038961038963,0.23005491441734435,-0.03543639811936917,-0.9762409626455351
13,A,XLI,-0.6235537190082644,0.25113443700577553,-0.020672985113471043,-0.5692861488961856
13,A,XLK,-0.6289256198347107,0.2791312878566634,-0.013944220857767234,-0.3839468263390905
13,A,XLP,-0.5719598583234946,0.3072015705889661,-0.021029861564610598,-0.5791180114337853
13,A,XLU,-0.5444510035419126,0.20369234472441017,0.03919853523870753,1.080036294934681
13,A,XLV,-0.585832349468713,0.10403516562367182,-0.03738395397256316,-1.0299675086925475
13,A,XLRE,-0.6460448642266824,0.18392699301590876,0.0064142483218718824,0.1765994335543632
13,A,XLY,-0.5908500590318772,0.262020388187621,-0.054005739113089556,-1.4890482766436974
14,A,XLB,0.09808518138459081,0.26352760354634214,0.008585198009965636,0.23590644041931735
14,A,XLC,0.07651240007109707,0.2654684039343499,0.0013550296023719878,0.03723253938312971
14,A,XLE,0.07374592051722159,0.28473097649822476,-0.0472783832613849,-1.3005349071581747
14,A,XLF,0.08911830061729024,0.25982152345618625,-0.016205166016485563,-0.4453320915018217
14,A,XLI,0.11697260058546445,0.2361319429456755,0.005324140837524554,0.1462948932753201
14,A,XLK,0.10610155327785187,0.2820731266324566,-0.009814859788453333,-0.2696984774738774
14,A,XLP,0.06297540163830513,0.2746860789493042,0.027451374368522283,0.7545730106174364
14,A,XLU,0.06512535787733331,0.2881585420008032,-0.036283722038469725,-0.9976342982614268
14,A,XLV,0.105817905994674,0.2615451660589619,0.030419080305278776,0.8362200550425375
14,A,XLRE,0.08676677256678988,0.27831413285811335,0.0275615343341124,0.7576033435018356
14,A,XLY,0.1083856249335932,0.27923851454422827,-0.00820334244385519,-0.22541298519156872
15,A,XLB,-1.3596153846153847,0.6670730847249104,-0.01885062817152709,-0.21079388577946243
15,A,XLC,-1.358695652173913,0.6575463099725023,-0.0003831670514533198,-0.00254164286997184
15,A,XLE,-1.3088235294117647,0.6878845160172484,0.0379560231555435,0.34185054230132433
15,A,XLF,-1.2804878048780488,0.5979583602074692,0.18473760639164954,1.173891137442076
15,A,XLI,-1.9090909090909092,0.5393598899705938,,
15,A,XLK,-1.1550632911392404,0.5902722489256188,-0.3246478491923235,-3.011913739362209
15,A,XLP,-1.3630952380952381,0.7448138341639601,-0.02163340286109963,-0.27879214382785533
15,A,XLU,-0.89,0.32606662577523077,,
15,A,XLV,,,,
15,A,XLRE,-1.2317073170731707,0.5344104342124336,-0.25916826024134754,-1.675762403372933
15,A,XLY,-1.3592233009708738,0.5758186752924713,0.039137678480154744,0.3936303895841769
16,A,XLB,-0.6037780401416765,0.268168746435364,-0.032897541369249925,-0.9062190324745133
16,A,XLC,-0.5223730814639905,0.2073386621113293,0.03741193541803484,1.0307395072639876
16,A,XLE,-0.34929161747343557,0.26740638888807916,0.01556731006909825,0.4286480068535369
16,A,XLF,-0.39663518299881934,0.2238792674701516,-0.0034358338136657967,-0.09459524703760575
16,A,XLI,-0.6417355371900826,0.2499139845715489,-0.03173926206851124,-0.8742794860636369
16,A,XLK,-0.6312868949232586,0.27816231360302707,-0.011235171828340022,-0.3093440261729386
16,A,XLP,-0.3914994096812278,0.28589911664457013,0.001154468438139419,0.03178461509072494
16,A,XLU,-0.5746753246753247,0.20119836865714255,0.04194475418861509,1.1558317859098646
16,A,XLV,-0.612396694214876,0.10249401094960844,-0.003242161112305273,-0.0892629998000017
16,A,XLRE,-0.671487603305785,0.18691309375696905,-0.023282852798655523,-0.6411926579479907
16,A,XLY,-0.604840613931523,0.25953051977639663,-0.04850772643474697,-1.3370790123438183
17,A,XLB,-0.16196512785541148,0.1401720988046908,-0.019044196935442816,-0.524070088828929
17,A,XLC,-0.1660292133470244,0.17253292708717882,-0.015032970618097347,-0.41365838026359475
17,A,XLE,-0.16959563827074492,0.20163458925115227,-0.002653521592980954,-0.07300827625795377
17,A,XLF,-0.17516821537821226,0.15476047394584355,0.02249363567314115,0.6190382616372443
17,A,XLI,-0.17145340822381952,0.16825723189194172,-0.05818054344809848,-1.6034742804321438
17,A,XLK,-0.17209993952355507,0.18185286152259791,0.043554215208292765,1.1994729140775207
17,A,XLP,-0.16880243449443547,0.16257301745123157,-0.027681720348535846,-0.7619166698446265
17,A,XLU,-0.16916661211736925,0.17447432818152928,-0.0013497085381521633,-0.03713541917966054
17,A,XLV,-0.16277665042563105,0.1732017102876036,0.07815557007805801,2.156941376526204
17,A,XLRE,-0.16290427135653845,0.15135386057820358,0.0007572047420914986,0.020833459340465495
17,A,XLY,-0.16318064089399623,0.16974874931658024,0.013420860447903568,0.3692898883500944
18,A,XLB,-0.501007467109162,0.21352070243362803,0.02337979135658673,0.6425883317622046
18,A,XLC,-0.5772193907787129,0.26592427518029205,-0.04039396095855191,-1.1108221208196276
18,A,XLE,-0.537987436292521,0.3040737388761702,-0.032204048454011536,-0.8853383312111803
18,A,XLF,-0.47256133696811653,0.22964293250479595,-0.022171198242263573,-0.6093536383668978
18,A,XLI,-0.63292639563826,0.28328149150425225,0.0009241833701127156,0.025394040668712467
18,A,XLK,-0.6380229939551973,0.2998202077054247,0.013444452361513263,0.36945014901442347
18,A,XLP,-0.48524356998933266,0.26255951591380655,0.05517207195006814,1.5182901158164557
18,A,XLU,-0.42147682825648924,0.26497227328840645,0.0020317023479677074,0.055825735638592666
18,A,XLV,-0.6362451108213819,0.32897660695844333,0.05652195448971801,1.5555554058690646
18,A,XLRE,-0.46473865117932905,0.2515377310299082,0.03473302966639974,0.9549447909011738
18,A,XLY,-0.6325708190114969,0.31935230992087954,0.05759592851373853,1.5852099799445063
19,A,XLB,-0.20621132793907662,1.5157574312105515,-0.017766570545228687,-0.4872827960945244
19,A,XLC,-0.2677296525464065,1.4397544578290389,0.023067491503602273,0.6327393825974537
19,A,XLE,-0.2761780104712042,1.7038326853676216,-0.027644235321526774,-0.7583671451154251
19,A,XLF,-0.29319371727748683,1.4853292488360252,0.0018350225486910214,0.05032120783463583
19,A,XLI,-0.2351261304140885,1.5623937579358878,-0.04480603893561348,-1.2299341243455169
19,A,XLK,-0.3476915754402665,1.6638558509093573,0.014146802891891906,0.3879812029828081
19,A,XLP,-0.2339362208472156,1.5328149714163872,0.013645506941964205,0.374230372209129
19,A,XLU,-0.17527367920038076,1.5253989876735699,0.048358799028440466,1.327678237334315
19,A,XLV,-0.18979057591623036,1.601631495545009,0.015716232091859877,0.431033471276601
19,A,XLRE,-0.23238933841028084,1.5604419718752118,0.02450583030793647,0.6722159082934648
19,A,XLY,-0.2056163731556402,1.467296531284869,-0.0065510997792898335,-0.1796521644573069
20,A,XLB,-0.18767258286416813,0.17509527500189456,0.04264910370546371,1.1752759529680914
20,A,XLC,-0.21878994409047,0.23412496481280248,-0.00828669400199845,-0.22815543400373614
20,A,XLE,-0.29181701093797263,0.32462223094879084,-0.014293200839247067,-0.3935577470576959
20,A,XLF,-0.18567440260715995,0.19542464414625396,0.054399143304249234,1.4999273093981382
20,A,XLI,-0.25354166869944483,0.28034303409753397,-0.014789002369610796,-0.40721238650109975
20,A,XLK,-0.26575199781435693,0.2961852930598844,-0.05752644921740488,-1.5864338448340212
20,A,XLP,-0.2327209792461483,0.2448050320507813,-0.00800090833775169,-0.22028645742032157
20,A,XLU,-0.21116970932898807,0.2536517031954388,0.0216417022990956,0.5959745975942221
20,A,XLV,-0.23478611921511996,0.29235955329883023,0.06376318401396207,1.7590948732088059
20,A,XLRE,-0.19583386185565002,0.18249689873954056,0.013875747073670498,0.3820610725443268
20,A,XLY,-0.2864699913159718,0.32579970895420224,-0.029216227618810202,-0.80471885207379
21,A,XLB,-0.6549935149156939,0.756125011109551,0.0012521830781165183,0.034497614033424294
21,A,XLC,-0.6653696498054474,0.7469986436207001,-0.07582195207706575,-2.0949218390467177
21,A,XLE,-0.6861219195849546,0.7279588119320729,-0.008211592719440792,-0.2262366345689373
21,A,XLF,-0.6601815823605707,0.7515936096042883,0.012264264031957744,0.3379053311180918
21,A,XLI,-0.6679636835278858,0.744676956879947,-0.013785000554143393,-0.37981222867165193
21,A,XLK,-0.6913099870298314,0.7230273448809376,-0.0053873780703215576,-0.14842417533626287
21,A,XLP,-0.6809338521400778,0.7328203192421028,-0.016127758178695672,-0.44437680205286145
21,A,XLU,-0.6316472114137484,0.7757592075546674,0.030899625890611144,0.8516899796129657
21,A,XLV,-0.6575875486381323,0.7538671839002203,0.02045406366051865,0.5636264399738067
21,A,XLRE,-0.6705577172503242,0.7423389327961389,0.015292529672349838,0.42135777117249956
21,A,XLY,-0.6731517509727627,0.7399844165129431,-0.008616629641688781,-0.23739656874670345
22,A,XLB,0.0036412554058175986,0.31004439844763615,0.001629781421314356,0.044633461690273324
22,A,XLC,-0.004548407667328181,0.5004160094477245,0.03041041300837595,0.8332088214362257
22,A,XLE,0.00873534648063165,0.4228539408644535,0.0029973881211628316,0.08208722312831118
22,A,XLF,0.0010337049488813818,0.2262496568507263,0.030911182413058822,0.8469423182406205
22,A,XLI,-0.005294498736980562,0.5997284980623634,-0.0008773445621811427,-0.024027079617768867
22,A,XLK,-0.007379626918542287,0.5941241127087221,-0.041464394578134146,-1.136526645359061
22,A,XLP,-0.003775949228940393,0.375575016173658,-0.009690874474037542,-0.26540799049823594
22,A,XLU,-0.00400822089687257,0.1852733986605831,-0.00399393063634446,-0.10937916751517239
22,A,XLV,0.0015632520138037064,0.6436949737249521,-0.008555093166727373,-0.2342994497492578
22,A,XLRE,0.004891465584410506,0.30668071164139604,0.009570856001552611,0.2621206919050596
22,A,XLY,-0.013105747136804182,0.6661811200846577,-0.0399300901030857,-1.094403366660499
23,A,XLB,-0.15404941482444734,0.4259321528801034,-0.007920670512816913,-0.21793325782880882
23,A,XLC,-0.2374284785435631,0.7696839447799221,-0.010650201814744952,-0.29304236384039095
23,A,XLE,-0.21226254876462944,0.5971369717432197,-0.0018543638191796249,-0.051020373261489844
23,A,XLF,-0.11516814044213264,0.3658450791871019,0.029937871246145283,0.8240689812658096
23,A,XLI,-0.34030013003901183,0.8665152451278888,0.005916744840770192,0.16279399557160007
23,A,XLK,-0.33833784135240574,0.9645203481340393,-0.042107574361208336,-1.1595607812618025
23,A,XLP,-0.16752158647594284,0.49919107966046855,0.008782094070099437,0.24163663139259428
23,A,XLU,-0.09658491547464244,0.31886717757338806,0.096221432337057,2.6597425048869274
23,A,XLV,-0.3548812743823145,1.0233308083130552,0.05375194168176449,1.4810523242627045
23,A,XLRE,-0.13563524057217166,0.44031243505289985,0.030817036016118304,0.8482915211586268
23,A,XLY,-0.34171001300390114,1.0751468897904923,0.005712239757677188,0.15716703238766574
24,A,XLB,-2.581699218750001,2.5693496144657555,0.049441618920508024,1.3610843524257197
24,A,XLC,-2.0693880208333337,3.3841999265105853,0.01838239783210155,0.5055177947422237
24,A,XLE,-1.5107226562499998,2.999769596525207,0.014854293444489883,0.40847061163982873
24,A,XLF,-1.7225000000000008,2.099680611460566,0.07121097071508022,1.9629613983691894
24,A,XLI,-5.7569791666666665,6.9150717987098655,0.017556261561474544,0.4827917944927508
24,A,XLK,-2.6614518229166664,4.422347834936197,0.021373787504057246,0.5878162787288772
24,A,XLP,-3.3413932291666675,3.175802624016122,0.06372682724137192,1.7557668646891693
24,A,XLU,-1.7505729166666664,1.7603084904750121,0.13841054365334882,3.8426464631195083
24,A,XLV,-6.480273437499999,6.204097464487742,0.06482579619416465,1.7861717492180627
24,A,XLRE,-2.33328125,2.415542062695096,0.06453963183458679,1.7782538913769226
24,A,XLY,-4.240957031250001,5.724052129315041,0.01910112252015329,0.5252898743475155
25,B,XLB,0.556611570247934,0.21027339455603183,0.0029080209087266246,0.08006338799339528
25,B,XLC,0.5609799291617474,0.23238238915245535,-0.025699667319300578,-0.7077918727379263
25,B,XLE,0.5242030696576151,0.32660184744802384,0.022163880001717994,0.6103614415601215
25,B,XLF,0.5423848878394333,0.20994014532451596,0.06272995135153767,1.7304765710303094
25,B,XLI,0.5161747343565525,0.32753343498250986,-0.027083601465113412,-0.7459339227489447
25,B,XLK,0.5489964580873672,0.32856876425703374,0.0004623195901599203,0.012728491758276535
25,B,XLP,0.5481700118063755,0.24699970730682036,-0.012863894372189554,-0.35419547175677896
25,B,XLU,0.5682408500590318,0.2660373621044502,-0.04099035007292735,-1.129487398019722
25,B,XLV,0.5241440377804014,0.37033431219506613,0.04683616041375855,1.2909004453869546
25,B,XLRE,0.5763282172373081,0.2545767355156072,0.019686391593277782,0.5421068500717707
25,B,XLY,0.5337662337662338,0.3288538638454712,0.017148041134853506,0.472185864901903
26,A,XLB,-0.18847769552781032,0.5317914170324557,-0.03312553943170718,-0.9094919389236008
26,A,XLC,-0.1774670857819997,0.5351904442507373,0.017239787686515618,0.47094032021793397
26,A,XLE,-0.21171204395938897,0.5006270809977555,-0.026607126575338196,-0.7260026817093833
26,A,XLF,-0.1811778959545016,0.5116813686349498,-0.0029411440563143244,-0.08070782862384404
26,A,XLI,-0.12773313884171544,0.4989276780290213,-0.018836628896981292,-0.5162977255114823
26,A,XLK,-0.14191334628541682,0.5250092689471756,0.03161599924871683,0.8674271188456528
26,A,XLP,-0.24979159125753322,0.4785451816242277,0.01937162680206621,0.5306134170703133
26,A,XLU,-0.22654538769287247,0.5190482637475604,-0.04482456942227895,-1.2247036244889355
26,A,XLV,-0.16832873350376434,0.5247597362268103,0.053438838332816714,1.4665537130890507
26,A,XLRE,-0.17470763704521228,0.5280600790029386,-0.0026799332029074888,-0.07285305166227853
26,A,XLY,-0.16762135343538218,0.5106793278937961,-0.00994444932578479,-0.27217179849987205
27,B,XLB,0.7898832684824902,0.6136553132654468,0.049399549058896625,1.3626189608233836
27,B,XLC,0.85473411154345,0.5194030295768339,-0.07035545145749814,-1.9431045377758425
27,B,XLE,0.795071335927367,0.6069096416159443,-0.013726814606456134,-0.3782087533473271
27,B,XLF,0.867704280155642,0.4974034352226229,-0.03565530628931866,-0.9829270672336088
27,B,XLI,0.9922178988326849,0.12459444544224325,0.002863732092352318,0.07889601272300648
27,B,XLK,0.8469520103761349,0.5320144725406518,-0.008790312862818485,-0.24218207737258135
27,B,XLP,0.7535667963683528,0.6577980696251561,-0.0034746310323922306,-0.09572650514879559
27,B,XLU,0.9429312581063554,0.333203606403596,-0.05037328612120399,-1.389545830893331
27,B,XLV,1.0,0.0,,
27,B,XLRE,0.9092088197146563,0.41661065535566466,0.007753081321506589,0.2136034586111711
27,B,XLY,0.8106355382619974,0.5859311477061732,-0.03566770905741612,-0.983269415793426
28,A,XLB,-0.02105533882774936,0.09455596240231211,-0.05057657956227723,-1.3942486420256996
28,A,XLC,0.0012602247038786714,0.10436381487861164,-0.03810909361688891,-1.049974653564948
28,A,XLE,-0.005984576607454302,0.0991810686955273,0.03869987423549931,1.0662759589949016
28,A,XLF,-0.01562883858347702,0.09654167562412468,0.009775237242030305,0.269142734014186
28,A,XLI,-0.020777005523653972,0.10563241926109326,-0.05080663106862082,-1.4006068658414217
28,A,XLK,-0.02095422683959466,0.11068325792655286,0.026746679562701617,0.7366477673987193
28,A,XLP,-0.012921476664141621,0.09769841434857396,-0.025357541953885177,-0.6983633300272639
28,A,XLU,-0.024335110088774158,0.0983403998486065,-0.04662302383708432,-1.2850131385575825
28,A,XLV,-0.018543885748941932,0.11571214671547014,0.017354646243829153,0.4778766156671681
28,A,XLRE,-0.018354212448825343,0.0977738847254319,-0.0010006771779237189,-0.027550457516775737
28,A,XLY,-0.013844675782076658,0.1157090145563511,0.02928422193336159,0.8065932629662318
29,A,XLB,1.1889457401237504,0.34938773255043154,0.016802844088558345,0.46084304228591194
29,A,XLC,1.142313184198001,0.38607730082224073,0.052987205285065,1.455092036659783
29,A,XLE,1.1414445502141837,0.43321328307193707,-0.06760611891684468,-1.858188169684604
29,A,XLF,1.1973346025702047,0.35591838167615153,0.03544807814696503,0.9726904371792116
29,A,XLI,1.1036649214659686,0.40691011356689766,-0.0024005937031635234,-0.06583075474577423
29,A,XLK,1.0903617325083292,0.4115409417909684,0.033387065044609594,0.916071457275547
29,A,XLP,1.1583412660637793,0.38241285822977933,0.0261376179077179,0.7170068842692706
29,A,XLU,1.1810923369823894,0.40138810756691906,-0.01406779911622458,-0.38581406567858806
29,A,XLV,1.1184673964778677,0.44419250509603897,-0.0075165168176921605,-0.20612839540658323
29,A,XLRE,1.1912303664921466,0.3684772569114836,0.02294084236480027,0.6292635728968127
29,A,XLY,1.1221442170395048,0.44348729964610634,0.034569691873066764,0.9485584317609327
30,A,XLB,0.11806308623694244,0.06731170486615834,-0.018280167423604207,-0.5027055058008826
30,A,XLC,0.12028279593143269,0.07686160777314965,0.017789682446279296,0.48921281579635983
30,A,XLE,0.1101377671378286,0.07839661958939766,-0.00353640144578688,-0.09723557190087381
30,A,XLF,0.11963818523803171,0.07236637290540726,0.058774469012778593,1.6188292107241098
30,A,XLI,0.11325446875973764,0.06343801874490967,0.014914380683993608,0.41012328675923576
30,A,XLK,0.11391246789840621,0.07583442635203096,-0.04372524482120671,-1.2033964004267694
30,A,XLP,0.11753750018999025,0.08108682354864712,0.00414982085543084,0.1141021916249523
30,A,XLU,0.11806082818331683,0.07747261770041002,0.04656864225809686,1.281816621719192
30,A,XLV,0.1178402336205973,0.07816334897568805,0.07576082728930351,2.0890823382934065
30,A,XLRE,0.11964802593526509,0.0713102607628594,-0.015141262046226643,-0.41636360670518413
30,A,XLY,0.11086234344284923,0.07132561456991247,-0.006883487454659395,-0.1892690979025645
31,A,XLB,0.8740328820116053,1.0457224800139207,-0.00804309699514692,-0.21880297060739487
31,A,XLC,0.9815643133462282,1.0634109688461797,-0.03160209275901739,-0.8600994599764208
31,A,XLE,1.0185565764023212,1.1100706757100731,-0.004730798941760801,-0.12869308469135482
31,A,XLF,0.9424564796905223,1.0404264921544957,0.016504924834871877,0.4490436635098434
31,A,XLI,0.7640836557059961,1.0526883611803524,0.03009481203038584,0.8190383812066556
31,A,XLK,0.878022243713733,1.1138647623458369,0.038337473263278944,1.043659271254582
31,A,XLP,0.9206358800773694,1.0674407539336919,0.017573437185560047,0.47812300926888296
31,A,XLU,0.8146760154738878,0.9958889296215703,0.029135904555180652,0.7929189193663155
31,A,XLV,0.9211798839458414,1.1446349604463386,0.05806301831861787,1.5821540833935255
31,A,XLRE,0.9189434235976789,0.9916312852013166,0.016866103779320504,0.4588728976895659
31,A,XLY,0.9764869439071566,1.0989291994472912,-0.0044087331803588726,-0.11993167422434675
32,B,XLB,1.7005694956481845,0.12829592028862274,-0.019773730520208293,-0.5003380360118997
32,B,XLC,1.9468616397256178,0.14057591342311193,0.00011314825717501706,0.0028624496659342092
32,B,XLE,1.7709273733499913,0.19475278236189225,0.007814733752959113,0.1977049007546785
32,B,XLF,1.7947786627823434,0.08893057509482372,0.08097355681638409,2.0552358388785
32,B,XLI,1.756695974762394,0.19730541371277477,0.0352241328715782,0.8916612391929459
32,B,XLK,1.904922959416235,0.16897567152748366,0.03353430106739596,0.8488355819243862
32,B,XLP,1.800205976275056,0.13115721740261724,0.033892318116876,0.8579082400159491
32,B,XLU,1.7807853530393216,0.09443596572128381,0.02571891294464284,0.6508580454866221
32,B,XLV,1.7092416617172435,0.23527275110404394,0.03742224658826907,0.9473798744586289
32,B,XLRE,1.8597233988379063,0.12760215767627098,0.06797707597183529,1.7236861972931854
32,B,XLY,1.8733301230952426,0.18755246505180997,-0.018011293758080308,-0.4557276215986432
33,A,XLB,0.545218724207051,0.2451087426363694,-0.038580631237751115,-1.063686565081915
33,A,XLC,0.5480485791769838,0.28977368902938666,-0.05948626623256674,-1.6417512735133317
33,A,XLE,0.5341351255748142,0.3664303332758504,-0.006506870149307962,-0.1792677724645296
33,A,XLF,0.5429784223558543,0.2501138093543693,-0.012822316925683572,-0.353283292693955
33,A,XLI,0.543450064850843,0.21298980666988038,-0.024851965479800998,-0.6848820525402244
33,A,XLK,0.526235113783752,0.31605019754696906,0.028533576937594483,0.7864189525883938
33,A,XLP,0.5531187359981135,0.2671511844001579,0.005501133914389168,0.1515582830250888
33,A,XLU,0.5520575403843886,0.32156128319612304,0.024079986407489484,0.6635949522190041
33,A,XLV,0.5411508076877727,0.261055273136881,0.04651949272585823,1.2829989111535398
33,A,XLRE,0.5680344299021342,0.29571889860050177,0.0306291595262378,0.8442280524971152
33,A,XLY,0.5455724560782926,0.3043281697329789,0.04036391357587745,1.112930976100118
34,A,XLB,0.5425582220120582,0.26514413086644545,-0.0027314533356218806,-0.07515248494102017
34,A,XLC,0.540962288686606,0.2737732907032181,-0.06647416633681769,-1.83300014339566
34,A,XLE,0.5478779997635654,0.3009255177931849,0.013619135635565374,0.3747466552182592
34,A,XLF,0.5451590022461283,0.2658488234717372,-0.003753693427733652,-0.103278470917008
34,A,XLI,0.5407849627615557,0.2920609495491451,-0.032591073972719674,-0.8971754545071754
34,A,XLK,0.5517200614729874,0.29484105895342855,-0.017678691116850883,-0.48648104642332557
34,A,XLP,0.550951649131103,0.27207423060728125,0.054566461269946326,1.5035616838270838
34,A,XLU,0.5419080269535406,0.29092776427281586,0.004742994178914458,0.13049846894033817
34,A,XLV,0.5407258541198723,0.30700084657580423,0.055391730708638065,1.5263711875181234
34,A,XLRE,0.5494148244473342,0.2732848356232371,0.0005137667927921809,0.014135592842036459
34,A,XLY,0.5479371084052489,0.29865916729428976,0.040175979775218675,1.1062803516252953
35,A,XLB,0.1449721604488498,0.21073380601275735,-0.024229983442578668,-0.667290962581955
35,A,XLC,0.1388778391020209,0.19799153533449093,0.008347218812229894,0.2298219638746998
35,A,XLE,0.12717964985806218,0.19719344714688838,-0.003910767847107101,-0.10767130078588016
35,A,XLF,0.1398637887110947,0.21338788815034693,0.010069102507723148,0.2772345686892447
35,A,XLI,0.1427408251944672,0.2108336807273284,-0.019379511935552984,-0.5336530629969398
35,A,XLK,0.1291006533648083,0.1970915399836126,-0.00362814245627706,-0.09988994918580014
35,A,XLP,0.1361318881673015,0.20012205895483018,0.0006740589888048455,0.018558061346353218
35,A,XLU,0.14544589833018604,0.2110759242353827,0.04708559713889957,1.2977906676084585
35,A,XLV,0.14116923758763844,0.20095978199599293,0.011739162068460731,0.32322253192073386
35,A,XLRE,0.1461131605068706,0.21034897350341403,-0.014899859554366299,-0.4102654934276421
35,A,XLY,0.14099276556716478,0.20074854108888326,-0.001356550283596774,-0.037348305185728486
36,B,XLB,2.7809995240361736,0.7050735055774457,-0.011378627257403408,-0.3120519550437102
36,B,XLC,2.7608745835316517,0.78357870235861,-0.06746123854769044,-1.8541878347464242
36,B,XLE,2.680055925749643,0.8122071950689955,-0.008753198328553188,-0.24004481366799998
36,B,XLF,2.8128260352213235,0.6986490214140133,-0.0016029902964239456,-0.043958247677393196
36,B,XLI,2.945676463588767,0.7711776861294947,0.019418682196730555,0.5326115411808336
36,B,XLK,2.9828992146596858,0.7830533185700773,-0.012700170778618328,-0.3483000274409795
36,B,XLP,2.7904271775345078,0.7639878082049819,0.11856793886396358,3.2745421521647065
36,B,XLU,2.843082460732984,0.7968279210661908,-0.006412533588444153,-0.17585207719077656
36,B,XLV,2.988205616373156,0.799941899201641,0.08718024955485168,2.3998480080685454
36,B,XLRE,2.9213243693479294,0.7548977812622597,-0.03398543282892129,-0.9325082392765228
36,B,XLY,2.9336286292241787,0.7891661315378292,-0.040812201384972185,-1.1201106616780125
37,A,XLB,0.9890258772524048,0.32352981904215106,-0.03359423079975656,-0.8628843923554982
37,A,XLC,1.2338436526215961,0.41103479680630167,-0.014549706727375834,-0.3735449938050882
37,A,XLE,1.2020051483538816,0.45336908240181,-0.03112094759656364,-0.7992928563458408
37,A,XLF,1.1098089689743937,0.3605747665785679,-0.055753306486220164,-1.4334725284891476
37,A,XLI,1.0737704918032787,0.35204387698182293,-0.01110648608471466,-0.2851321387885886
37,A,XLK,1.1233572686627828,0.43202366425318534,0.0054130474464642595,0.13896035144848404
37,A,XLP,0.9364584744614551,0.4204101046556103,0.04394878879287839,1.1293002974704678
37,A,XLU,1.0549383552364178,0.35512768299327624,0.028757993890637053,0.7385517887121278
37,A,XLV,0.9923452106760602,0.4229448608892161,0.04542555232404519,1.1673241379003783
37,A,XLRE,1.1382603983200108,0.4055357035351211,0.061488522243322984,1.5814640269963436
37,A,XLY,1.1461861536377183,0.4326463748662274,0.002132454183324243,0.05474234579706273
38,A,XLB,-0.31862934259467685,0.22852481347274337,-0.034056482331069865,-0.9387991312264492
38,A,XLC,-0.32397551746685105,0.26196646337753393,-0.030195169841037428,-0.8322550491773617
38,A,XLE,-0.35462156049350957,0.34045448883429913,-0.04575746817414926,-1.2619379530198043
38,A,XLF,-0.32964594655433,0.23365433046669987,0.02292903911404365,0.6318601064198592
38,A,XLI,-0.32520821944239,0.20170913379993938,-0.0353675862377121,-0.9749853750616897
38,A,XLK,-0.35838934087961327,0.2899410729329741,0.00982981875610492,0.27082414528435705
38,A,XLP,-0.3181925373294316,0.2521071089438766,0.0035757438019344266,0.09851220929207695
38,A,XLU,-0.3354503649869763,0.29332044449965694,0.0320323388551414,0.8829425791112957
38,A,XLV,-0.3282524573645904,0.252966687296202,0.08475057712726759,2.343305303643488
38,A,XLRE,-0.30993611388022424,0.2545392705027324,0.04185775599409617,1.1541908343066904
38,A,XLY,-0.3301711847873857,0.2671967013614773,0.01869755821983182,0.5152069463163013
39,A,XLB,-0.7973962615204881,0.31495564572174567,0.017796258286338764,0.48809729795195117
39,A,XLC,-0.8084894638916533,0.4783857654168919,-0.042839047280003095,-1.1758382814990593
39,A,XLE,-0.9017783739344899,0.572455559722189,-0.05783227159464633,-1.5885710851085926
39,A,XLF,-0.783885379256631,0.38090265981317656,-0.02335689321216578,-0.6406819536906923
39,A,XLI,-0.9399636536714119,0.5888636044861562,-0.04463569136472816,-1.2252486989611466
39,A,XLK,-1.0172699147592055,0.5710679594504079,0.0187029712941963,0.5129741720978838
39,A,XLP,-0.8534464108000519,0.4374220799939095,-0.00023596458437016968,-0.006470766933616903
39,A,XLU,-0.7565823633767471,0.4538796742982971,-0.017517828068663956,-0.48045844018203016
39,A,XLV,-0.9215525074639781,0.6389533256487931,0.02721465380160309,0.7465735874962384
39,A,XLRE,-0.8076240751157457,0.38815911972604106,0.036391380761724684,0.9986084116418262
39,A,XLY,-0.8370581108563022,0.5622250074597591,0.008803769530246778,0.2414317687533497
40,A,XLB,0.050542005285556774,0.18890401836251378,0.02241024842815251,0.6159269819200186
40,A,XLC,0.07569091992132908,0.3049924588930079,0.0030946122019956126,0.0850318815326263
40,A,XLE,0.028643411384066234,0.2661795431564226,-0.03942256711170425,-1.084066980427354
40,A,XLF,0.04009169175191965,0.16425505617931124,-0.025845296906950657,-0.7103953332536196
40,A,XLI,0.15659373963377946,0.3474857653160739,-0.016029532132996276,-0.44050427196303854
40,A,XLK,0.11610067206783325,0.37264871339171135,-0.014303933030404316,-0.39307314843480146
40,A,XLP,0.03648141515798138,0.22184362219351886,0.010018665469001337,0.27529932603432294
40,A,XLU,0.006219723071352525,0.145550397380804,-0.03765814421873726,-1.0354772293140069
40,A,XLV,0.11668498671047216,0.3839028516606572,0.036540224396398785,1.0046963210782858
40,A,XLRE,0.02705426546402435,0.2131346794238776,0.014269836976527868,0.3921359952678518
40,A,XLY,0.14593084480269178,0.3940864820684134,0.011143028627811457,0.30619894238392176
41,B,XLB,-0.00612675821154275,0.05192857438679778,0.043641605966760234,1.203470869640486
41,B,XLC,-0.00337800315106365,0.08023412748802432,0.026513548704322844,0.7307039398208777
41,B,XLE,-0.0062938094125433676,0.06685919458228558,0.05687331953810341,1.5693975953128487
41,B,XLF,-0.004275476735120405,0.04337762375849637,0.02977824843021774,0.8207533729550326
41,B,XLI,-0.01095767376197675,0.1101481014149229,0.06805613589711013,1.8793006269339354
41,B,XLK,-0.015028424918042996,0.09746676491023247,0.08458782234498947,2.338772764418051
41,B,XLP,-0.006596973849762977,0.06832772912224788,0.04237439636023212,1.1684622076594287
41,B,XLU,-0.004391533836744929,0.04353286930724689,0.0722091321654108,1.9945651005531255
41,B,XLV,-0.01198249329789039,0.13614419961012778,0.029748112093222593,0.8199220137973541
41,B,XLRE,-0.010812316634586228,0.05281002649344975,0.01760201774131818,0.4850099315164794
41,B,XLY,-0.016826459931094637,0.1217390280968008,0.03440807198001823,0.9485024615094387
42,B,XLB,1.5448011240812796,0.6342213614257863,-0.03270744966642135,-0.9015711234903353
42,B,XLC,0.9267293558149591,0.4644188022269198,-0.06982369473086542,-1.9283460445080627
42,B,XLE,2.8977518374405538,2.855047046985361,0.008810991550306195,0.24275184046687273
42,B,XLF,3.5608517077388675,2.4137239245998607,-0.04741767992289904,-1.3078260396413686
42,B,XLI,0.579031560743623,0.3228211786244931,0.0027892889996732942,0.07684508431816878
42,B,XLK,0.7539502398451815,0.48060839775035025,0.0462604573026745,1.2758393981478364
42,B,XLP,0.8570566466967247,0.43592460281514567,0.03506046212442358,0.9665083568605073
42,B,XLU,4.416666666666667,2.896899621496646,-0.007305224255994479,-0.20126396722769016
42,B,XLV,0.5259992925362575,0.3397747948187002,0.060216929393596026,1.6619896617221788
42,B,XLRE,1.7119109381755298,0.9606307347300032,0.009912058012708015,0.27309016425203386
42,B,XLY,0.6930267329586395,0.4386870403270343,0.05090620878441015,1.4042844836009571
43,A,XLB,0.32204273875461,0.29184821349486867,-0.04526542154894944,-1.242570021801706
43,A,XLC,0.3161679196285153,0.2853537044346005,0.009810321112419614,0.26903763898854055
43,A,XLE,0.3147352788887662,0.2865507265073622,-0.031293531377700086,-0.8585710653088124
43,A,XLF,0.319269069138521,0.2961993121428859,0.014424852146664087,0.39560837643394503
43,A,XLI,0.32388809490458487,0.2925187779127148,0.0075164512915349355,0.20612659835548702
43,A,XLK,0.30854385850104316,0.2723227344005808,-0.032582759493811474,-0.8939792464560999
43,A,XLP,0.3114050005030533,0.2754500266552603,0.014130447241410393,0.3875325536996808
43,A,XLU,0.30339703508894095,0.2795690295587214,0.020315909897845468,0.5572304510658166
43,A,XLV,0.3189742892068318,0.27832991267890606,-0.028761362326459133,-0.7890382838391591
43,A,XLRE,0.31310405040486605,0.27530173355909876,0.004787809676564523,0.13129578260308372
43,A,XLY,0.3088331633624455,0.27999970227930576,-0.006957497291598437,-0.19079741125655394
44,A,XLB,-0.031175521180042704,0.52811314697314,-0.0025295948206928934,-0.06904472262452398
44,A,XLC,-0.063903770404604,0.5153610497728585,0.06618666119024746,1.6355943592043178
44,A,XLE,-0.06798323058753242,0.5185177009903683,-0.05868065194741421,-1.4009354252141533
44,A,XLF,-0.040826067908930314,0.5477841507374447,0.019832897440862286,0.46394367634987255
44,A,XLI,0.0271452401840138,0.5086128166982387,-0.019832061490465406,-0.5410529274722711
44,A,XLK,-0.010249822297766735,0.5247741971690556,-0.010551365550453967,-0.2759693793491142
44,A,XLP,0.0075035918504169985,0.5412977039216774,0.02325320657836082,0.6348606830109167
44,A,XLU,-2.1612516896284058e-05,0.5074108968426884,-0.0026114016233037118,-0.049754052842945595
44,A,XLV,-0.0702715767142044,0.5457460741648922,0.011047412096527114,0.2974788276628745
44,A,XLRE,0.02539591786953943,0.541736332106795,-0.015959394934756805,-0.3964736408380001
44,A,XLY,0.009128813260615801,0.5332472443208693,-0.00532503023105304,-0.1428875808171337
45,A,XLB,0.03454872381635426,0.2388689677579068,-0.03518587504767499,-0.9654866680136677
45,A,XLC,0.03783069068514428,0.35479271931964196,-0.0332961492705701,-0.9093121969858635
45,A,XLE,0.02016645069195406,0.2281744237489093,0.032279047010239946,0.8826883139531022
45,A,XLF,0.013617779524605368,0.12304499680234754,0.0818993057511659,2.241445115694653
45,A,XLI,0.07089602082614428,0.504821547270058,-0.00964891539675719,-0.26443484645395904
45,A,XLK,0.06840070490277222,0.43065012531581776,0.017477354160043413,0.4796666392748746
45,A,XLP,0.035181087903654436,0.3513739819526934,0.01923920496520361,0.5269848673578498
45,A,XLU,0.00783154479262648,0.09301470051920224,0.005721267772959957,0.15500560855492665
45,A,XLV,0.05550113488845129,0.6573648072896088,0.037252130385447474,1.0209002147290638
45,A,XLRE,0.02928863829626479,0.24693073250195227,-0.0019030746320034036,-0.05173432961652297
45,A,XLY,0.06058428311323791,0.4806445164718958,0.011573453793118322,0.3165504014996417
46,A,XLB,0.3512077922077922,0.762755831650491,0.021535753454700633,0.5930555947520629
46,A,XLC,0.24393506493506487,0.933865783380908,0.006921242528760361,0.1905588279218323
46,A,XLE,0.30191558441558447,0.8268262283275939,0.011432455311157582,0.31477664229047475
46,A,XLF,0.3673116883116883,0.7384427567961998,-0.029269638874725685,-0.8061912483528231
46,A,XLI,0.15815584415584405,1.0121384109583038,-0.02600171682306733,-0.7161161820880961
46,A,XLK,0.20400649350649347,1.034192840289986,0.04752977576880569,1.3100608733681847
46,A,XLP,0.33709090909090916,0.7918588389691252,-0.03351319488013868,-0.9231971547732858
46,A,XLU,0.3886363636363636,0.6907753866683505,0.02528006119001688,0.6962280923112162
46,A,XLV,0.19553246753246747,0.9826812605991792,0.006600514220691312,0.18172799476941734
46,A,XLRE,0.3183246753246753,0.792614100060055,0.016373803346904744,0.45086071789813886
46,A,XLY,0.22366883116883113,1.0106093647418712,-0.019138713479024426,-0.5270197578218421
47,B,XLB,-0.5267364324118587,0.20195768388917804,-0.027800975039239048,-0.7636838342225946
47,B,XLC,-0.5403679586406808,0.2831432293344271,-0.021038756526106452,-0.5778323838568712
47,B,XLE,-0.5272467700545457,0.3335901373976026,-0.09107334630707488,-2.5112246995372307
47,B,XLF,-0.5205340287117538,0.21706019387379794,0.06171078653968891,1.6977560159173422
47,B,XLI,-0.5823316092264408,0.30466256745642883,-0.01699727952738913,-0.46679676119758406
47,B,XLK,-0.5822593769465512,0.30893938170232543,0.041812240538340296,1.1491297700911194
47,B,XLP,-0.5335888259496473,0.2698644674979618,0.030208626370506274,0.8298792413667072
47,B,XLU,-0.5040523055090216,0.28273948463014886,-0.006724796878748837,-0.1846607794044269
47,B,XLV,-0.557557196966818,0.34693481948338156,-0.0026860830503652026,-0.07375758289720663
47,B,XLRE,-0.5108852048410186,0.22196500302257732,0.04426412694864706,1.2166438143831757
47,B,XLY,-0.553148401689419,0.3434147865253784,0.017203490772162877,0.47246161287963895
49,A,XLB,0.26662337662337665,0.6348380406169221,-0.06630374422894689,-1.8294872247754457
49,A,XLC,0.30668831168831173,0.8522089824674391,0.012516175922954592,0.3446198439299599
49,A,XLE,0.29153246753246753,0.7190627855630418,0.04673020637846681,1.2879737369730082
49,A,XLF,0.2187792207792208,0.5862149116020233,0.023056535110582282,0.6349567037886276
49,A,XLI,0.2823896103896104,0.984124704741371,-0.04318591475717495,-1.190096255602699
49,A,XLK,0.29113636363636364,1.0556455944931145,0.04624660750247033,1.2746161103550377
49,A,XLP,0.259974025974026,0.6902817873944515,-0.004116182588716049,-0.11332687500610025
49,A,XLU,0.23325324675324674,0.5582409275410599,0.09313362000343721,2.5753295438585666
49,A,XLV,0.26735064935064945,1.035375330276146,0.06214762282006981,1.7143498019835608
49,A,XLRE,0.28333766233766233,0.6588111630161416,0.06905125124547556,1.9056538038290178
49,A,XLY,0.29101948051948057,1.0644786783102316,-0.0042779367138341216,-0.11778037488372313
50,B,XLB,-0.2083649126595299,0.49565481588106763,0.08951094935966387,1.2256866959190797
50,B,XLC,-0.36125643776760324,0.5185691389895588,-0.018563846658193942,-0.1618637560287844
50,B,XLE,-0.21687374432626572,0.4626330384178487,0.04206005300461209,0.5291549257730449
50,B,XLF,-0.45472243719369193,0.49411567050714095,0.10184617740033182,0.8925153280318948
50,B,XLI,-0.039639370005059085,0.5885179978661492,,
50,B,XLK,-0.28258002226872847,0.4055444517214703,0.18543832602071886,2.2802079625467937
50,B,XLP,-0.16965431867795303,0.5092239876556807,0.0022491736992337995,0.035491452101334205
50,B,XLU,-0.14543220478058327,0.4557745035119784,0.191277219417441,1.509498265054411
50,B,XLV,,,,
50,B,XLRE,-0.07168867942022647,0.5292512573306994,-0.015435222535251553,-0.1389335539913979
50,B,XLY,-0.2901546072078717,0.4966947132244305,-0.02445634330340128,-0.29660611939669923
51,A,XLB,0.35487662337662335,0.6492412930027988,-0.02578258528100094,-0.710077024315928
51,A,XLC,0.3735844155844155,0.8457783997285093,0.029540145441420074,0.8136484507471768
51,A,XLE,0.3543181818181818,0.7181600506270086,0.012084586719684544,0.33273471889850115
51,A,XLF,0.3339740259740259,0.6141976904593208,0.029001621228371518,0.7988028342316795
51,A,XLI,0.3277272727272727,0.9714006100929954,-0.022671583827551293,-0.6243499857883791
51,A,XLK,0.34096103896103896,1.0419367087841995,0.07455458796242052,2.0583505150225023
51,A,XLP,0.36027272727272724,0.6882357561782719,-0.019471876088187037,-0.5361974544405412
51,A,XLU,0.3211038961038961,0.5892462970221986,0.08751971672545317,2.418856987361832
51,A,XLV,0.32907792207792214,1.0178300213236806,0.07456778936704717,2.0587170255518554
51,A,XLRE,0.3542857142857143,0.6637132580206405,0.06934627323390892,1.9138349828176782
51,A,XLY,0.3509350649350649,1.049357891939085,0.015847377110552063,0.436361611125997
52,A,XLB,0.0011241656776643956,0.4095122306379456,0.011617882031485293,0.3190376566444292
52,A,XLC,-0.07838084737716593,0.5080979683664786,0.0036656885285445895,0.10065703912324327
52,A,XLE,-0.04463824353192493,0.8194047947500972,-0.004075597662154036,-0.11191301198497716
52,A,XLF,-0.013165335865179185,0.353903379995139,0.02273787713538684,0.6245222057500837
52,A,XLI,-0.10865150249228579,0.8420022120567267,-0.050837454425052414,-1.3977561151094597
52,A,XLK,-0.06026973178257776,1.1169619842572127,0.02227773843980182,0.6118776217347764
52,A,XLP,-0.006763168763351481,0.5289032100271146,-0.01195311973676388,-0.32824488741607477
52,A,XLU,0.010358186565392856,0.3853268904745206,-0.005636701440103893,-0.1547809844020077
52,A,XLV,-0.016032888677901803,1.085729034536535,0.061540586784386855,1.693055740438382
52,A,XLRE,0.0028457868502255314,0.4937518738097645,0.026939111593217446,0.7399912536974217
52,A,XLY,0.029476890576786163,0.9740817016445322,-0.01676349484726765,-0.46037450868193747
53,A,XLB,-0.10179792738881577,25.0353909351091,-0.06148643095778584,-1.6757824701874626
53,A,XLC,0.12185672680262831,23.56714660167916,-0.05108962712534395,-1.385952323355537
53,A,XLE,-0.03978261826807715,18.482817166087358,-0.011749389042479266,-0.3209332224670402
53,A,XLF,0.006774083419775027,13.226463911034198,-0.016157545743996395,-0.437804399335886
53,A,XLI,-0.0985244398718434,24.079521301663185,-0.03902509700508327,-1.066705079768392
53,A,XLK,-0.05966149319889224,25.7626790609,0.02822730403306247,0.773344712285852
53,A,XLP,-0.03463881772937163,20.114485706207386,-0.03202126128460016,-0.8679790298699742
53,A,XLU,0.022171873376248357,14.975904220547417,-0.030762245449492187,-0.8417331262964034
53,A,XLV,-0.08235739919715714,20.598767354836863,-0.031792635368014396,-0.8687914537470693
53,A,XLRE,-0.059567200295661954,25.83762091752816,-0.016389911320593833,-0.444706882518883
53,A,XLY,-0.0035791667325789705,37.15190851902006,0.018967307862611634,0.5164079649016867
54,A,XLB,-0.5201298772989202,0.29384104719816817,-0.031266501700685664,-0.8618120574341682
54,A,XLC,-0.5050127205323823,0.30704287479338743,-0.02004206862638292,-0.5522690114018615
54,A,XLE,-0.505831348536514,0.2768855406795109,0.0428582084745548,1.1818276036455289
54,A,XLF,-0.5277477576457618,0.28763431994180044,0.030730115980091215,0.847013329720472
54,A,XLI,-0.5213932099570288,0.2956819130173812,0.017449340461970976,0.48080174071926407
54,A,XLK,-0.5349103626311931,0.3058613727061852,0.031838982339957335,0.8776074561180903
54,A,XLP,-0.5277093810493597,0.298288304784309,0.00994460697837743,0.2739870193831805
54,A,XLU,-0.5121198903560866,0.2902717097237619,0.06964329420161976,1.9233395444079158
54,A,XLV,-0.5216126445363183,0.2960550950474523,0.025885779297515284,0.7133910974663837
54,A,XLRE,-0.5177429031809498,0.30586761249413474,0.02283658650468874,0.6293110393606055
54,A,XLY,-0.5218487481364928,0.30560513415671897,0.039907036606963826,1.100313561020355
55,A,XLB,0.017165768798982534,0.45897521840568906,0.02102002932579388,0.5754004435547316
55,A,XLC,0.02814289082600782,0.47845314996581023,0.007012244406501947,0.17754021324765532
55,A,XLE,-0.008888107762023669,0.46119374943079805,0.020131287565989735,0.4704959558049786
55,A,XLF,0.04029674223429596,0.48118319267203313,-0.02676254715607868,-0.644758425788215
55,A,XLI,-0.006980436465936454,0.4558723660879124,0.005515744039832168,0.1512584449231956
55,A,XLK,-0.020164117252531522,0.48766469296083886,0.05724576121263507,1.5224767528783094
55,A,XLP,0.03498385042434359,0.4669514483935862,0.04666931760691924,1.276069511563579
55,A,XLU,0.01134487667667284,0.45530818178452037,-0.006789185666174469,-0.1344221162497792
55,A,XLV,-0.010690767244428521,0.4813405879009568,0.003407005749233236,0.09249305643433685
55,A,XLRE,-0.0691170852540436,0.46354274262172934,-0.0024521795546064134,-0.06251874496748437
55,A,XLY,-0.012117727049131522,0.4608567142742199,0.045015264880059566,1.2174796422214538
57,B,XLB,-0.023072034814621913,0.5612886205352553,-0.026763584767583844,-0.7375997608196135
57,B,XLC,0.018944833301969135,1.5945707742357271,0.0008590340711721293,0.023666358416783086
57,B,XLE,0.013720298589491321,1.0557245327883702,0.010625851860687102,0.2927582645928452
57,B,XLF,0.009196103249094157,0.7062973808181283,0.014366150832807317,0.3958276524294314
57,B,XLI,-0.00043233538692072886,1.2129241434053415,-0.0035134101600855084,-0.09679488792190967
57,B,XLK,-0.01776654963915749,2.0148481796722133,0.04303010312161794,1.1865764239974819
57,B,XLP,-0.04321624342637779,0.8458837745891367,0.012049536412738569,0.33198828324284996
57,B,XLU,-0.00010798440390387123,0.5485241524339781,0.05029950866172763,1.3875055156628981
57,B,XLV,-0.06810770709015077,1.8467061501762045,0.05044798340112326,1.3916116069873588
57,B,XLRE,0.011395932977402505,0.663344433983364,0.027922048646710048,0.7695512185922022
57,B,XLY,-0.033109515274985325,1.9189919842492,0.03870589103891971,1.0671452112376103
60,A,XLB,-0.0888161773375781,0.07293244481515661,-0.05901744458800693,-1.6287669404131728
60,A,XLC,-0.08256691427897653,0.09630070918014949,-0.025519119174641745,-0.7032796094873598
60,A,XLE,-0.09275635734779704,0.13856883639940992,0.05717223079003481,1.577672916017624
60,A,XLF,-0.10160948001414928,0.13318165377528773,0.013927689619100117,0.38374443835912125
60,A,XLI,-0.08527885862516213,0.06893693518054655,-0.061356888678594165,-1.6935703700880163
60,A,XLK,-0.09733521990331329,0.09513544497289515,0.039297637123460974,1.083485058290052
60,A,XLP,-0.09068309554690876,0.08914910286060815,0.03854119338046585,1.062597626018922
60,A,XLU,-0.09315921864559998,0.12195358837346426,0.032118229310810195,0.8853125136971114
60,A,XLV,-0.08860983374602051,0.08424467707857984,0.025884991637394533,0.7133693756372813
60,A,XLRE,-0.08697873678418426,0.09532064489722342,-0.05185508219600073,-1.4305297675757302
60,A,XLY,-0.0922061077703101,0.08365532974442162,0.06321588883993202,1.7450852571671067
61,B,XLB,0.4798962386511025,0.49991998281685057,0.011627320103189051,0.3203537970662326
61,B,XLC,0.48119325551232167,0.4999705214750825,-0.03073518410843372,-0.8471531544754105
61,B,XLE,0.4993514915693904,0.5003241491426392,-0.02748166643565651,-0.7574047293513674
61,B,XLF,0.5927367055771725,0.49164358005245373,0.059281432022506735,1.6360781176830455
61,B,XLI,0.26718547341115434,0.4427772335406947,-0.04483018113966192,-1.2363124176181073
61,B,XLK,0.2801556420233463,0.4493666268810941,0.008801073397488585,0.24247856402003967
61,B,XLP,0.5499351491569391,0.49782317931854747,0.008224873128877326,0.22660254631589952
61,B,XLU,0.6744487678339819,0.46888461284634386,-0.032169761280977684,-0.8867344203168267
61,B,XLV,0.245136186770428,0.43044715605559297,-0.04685081581753118,-1.2921567704855002
61,B,XLRE,0.6095979247730221,0.4881571167084346,0.0041385041983327256,0.11401657928896045
61,B,XLY,0.26718547341115434,0.44277723354069515,-0.005472756550736224,-0.15077645263683329
62,B,XLB,-0.4059662775616083,0.49139683638518994,0.03462817034784958,0.9545770151114491
62,B,XLC,-0.45265888456549935,0.4980768851182959,0.020071575405563827,0.5530824125980379
62,B,XLE,-0.45525291828793774,0.49831694092375006,0.00196061411854592,0.054014933825767546
62,B,XLF,-0.41893644617380027,0.4937052171186872,-0.017777964910400637,-0.4898595443084359
62,B,XLI,-0.383916990920882,0.4866537886256094,0.07087686566045626,1.957577598796978
62,B,XLK,-0.5110246433203631,0.500202933534573,-0.06554951339755379,-1.809778377891423
62,B,XLP,-0.42153047989623865,0.49412469380795737,0.01046014163091788,0.2881921939759351
62,B,XLU,-0.5214007782101168,0.4998660692827376,0.04195717442029922,1.1569370387370346
62,B,XLV,-0.49286640726329445,0.500273646208598,-0.04728181208046857,-1.3040702631528176
62,B,XLRE,-0.4889753566796368,0.500202933534573,-0.06441400040241382,-1.7782958432980318
62,B,XLY,-0.48508430609597925,0.500101898084447,0.04686168872179041,1.2924573077090586
64,B,XLB,-0.5317769130998703,0.4993131199218014,-0.016465618385168503,-0.45368854484607274
64,B,XLC,-0.44228274967574577,0.4969799472823252,-0.03074699582629694,-0.8474790285911765
64,B,XLE,-0.39040207522697795,0.4881571167084348,-0.017989113098305618,-0.49567945911038763
64,B,XLF,-0.41893644617380027,0.49370521711868626,0.09466423916886588,2.6197601622154494
64,B,XLI,-0.496757457846952,0.5003140489636643,0.017342044423512743,0.47784439744229856
64,B,XLK,-0.48119325551232167,0.49997052147508186,0.02587866384355026,0.7131948698893555
64,B,XLP,-0.45395590142671854,0.498198618010783,0.019665178607359068,0.5418795661437067
64,B,XLU,-0.4163424124513619,0.4932717245998962,0.007255826624041568,0.19990295649697498
64,B,XLV,-0.46173800259403375,0.4988574882728273,-0.054884866158785184,-1.5143581800529902
64,B,XLRE,-0.4474708171206226,0.49755580264394045,-0.0032630927853082078,-0.0898985367928116
64,B,XLY,-0.4474708171206226,0.4975558026439407,-0.010506656217068996,-0.28947387999759383
65,B,XLB,-0.29442282749675747,0.45607873858569453,-0.013308623747438965,-0.366684455317226
65,B,XLC,-0.46433203631647213,0.49904991682078875,-0.03100627702534853,-0.8546324412205664
65,B,XLE,-0.4487678339818418,0.4976912011912859,-0.0491656803324778,-1.3561523433385128
65,B,XLF,-0.2775616083009079,0.44808657533081386,-0.006878542845853268,-0.18950802658705
65,B,XLI,-0.6523994811932555,0.4765174816702864,0.05098711824494223,1.4065222422774524
65,B,XLK,-0.5901426718547341,0.4921264280413578,0.016694522590232495,0.45999744663600445
65,B,XLP,-0.35927367055771725,0.48009900663924254,-0.007202232493988777,-0.1984263248960362
65,B,XLU,-0.24254215304798962,0.4288986460056601,-0.03822927288759652,-1.0539852028467616
65,B,XLV,-0.603112840466926,0.4895698206879327,-0.039042191251365516,-1.0764313086107287
65,B,XLRE,-0.3333333333333333,0.4717105283018653,0.027621303099332622,0.7612560975469223
65,B,XLY,-0.6666666666666666,0.4717105283018655,0.06262513027080496,1.7287127530764872
66,B,XLB,-1.1095306809592524,0.3931656523514699,0.012408248006748883,0.33847793953090416
66,B,XLC,-1.1127774342060057,0.45137882412982433,-0.0037574394269794084,-0.10249000673857658
66,B,XLE,-1.0958221672507387,0.45996615509879596,-0.07463303160730166,-2.0414110515525445
66,B,XLF,-1.098777387725457,0.4106605862527925,-0.00857562947885104,-0.23313323904144626
66,B,XLI,-1.1677145605717034,0.47200526007123617,-0.042936700429579845,-1.172238088094855
66,B,XLK,-1.1687109187109186,0.4640161277264857,0.0028012994382343973,0.07640956125671544
66,B,XLP,-1.0647448423746693,0.4279604299682346,-0.006163555005122237,-0.1675566792890564
66,B,XLU,-1.0575626738570234,0.4149106927868606,-0.0027091999811464824,-0.07414528973152211
66,B,XLV,-1.1231121047152586,0.49851310064484733,-0.00797580436096329,-0.21828767509397154
66,B,XLRE,-1.0846971687970373,0.41015006058513837,0.017442851102777126,0.4774462209120371
66,B,XLY,-1.1319625780344822,0.5092140289015037,0.01995155575127544,0.5424821356537328
68,A,XLB,-0.09208819714656291,0.28933811166265644,-0.030884489013079885,-0.8512723616551461
68,A,XLC,-0.10246433203631647,0.30345482080797254,-0.009295636197310813,-0.2561054206001286
68,A,XLE,-0.13359273670557717,0.34043506946054036,-0.0965929270791005,-2.6736327437365865
68,A,XLF,-0.11802853437094682,0.32285134565698004,0.03716540620188459,1.0246131314829745
68,A,XLI,0.0,0.0,,
68,A,XLK,-0.1932555123216602,0.39510795609089705,0.016483760136651822,0.45418855282730514
68,A,XLP,-0.4059662775616083,0.4913968363851905,-0.03174572406312802,-0.875034294556985
68,A,XLU,-0.22178988326848248,0.4157202011735195,-0.018881365178659616,-0.5202735025518436
68,A,XLV,0.0,0.0,,
68,A,XLRE,-0.038910505836575876,0.19350722267436704,-0.03807005751739182,-1.049589233279096
68,A,XLY,-0.21660181582360571,0.4121963609067309,0.01985827989854818,0.5472026158584717
71,B,XLB,0.7476370614035087,0.27330556291624897,-0.036765643826296386,-1.006205515838782
71,B,XLC,0.7139199561403509,0.2736237511066347,-0.05734360468169148,-1.570908928480629
71,B,XLE,0.7156475225225225,0.28596999486936947,0.007223702229735096,0.19491122751537487
71,B,XLF,0.7385892116182573,0.273124392012612,0.030342509527241785,0.809443071284683
71,B,XLI,0.7014802631578947,0.2830578305692524,0.046448420661601715,1.2717177772648776
71,B,XLK,0.6856617647058824,0.2781709237499621,-0.03723354211235226,-1.0108215887068621
71,B,XLP,0.7205510388437217,0.2688370401715961,0.03233115744204746,0.8715988856877719
71,B,XLU,0.7685739436619718,0.2601972504133133,-0.02511143853067841,-0.6636456873610508
71,B,XLV,0.7034834229390681,0.2788275175286183,0.11355988356190373,3.0924236755630394
71,B,XLRE,0.7378756830601093,0.27508056694991345,0.0859294829133098,2.314290026975707
71,B,XLY,0.6891622340425532,0.2786458163176061,-0.004219833327852533,-0.09914451747848198
72,B,XLB,1.5919031805333175,1.820486777924862,-0.04834135860937445,-1.296848118828393
72,B,XLC,1.5547885045491063,1.8448727855706828,0.0321624893426237,0.8628570253257274
72,B,XLE,1.8692091980083838,2.1440479340109455,-0.011503833916069364,-0.3104109489571437
72,B,XLF,1.4335016999743029,1.5172053100653753,-0.007022651339467012,-0.18818024892221047
72,B,XLI,1.413602696813645,1.2449543652396806,0.04392366518075709,1.193580350611023
72,B,XLK,1.548198393737813,1.5916082495207928,-0.001248069263421781,-0.033279272697876346
72,B,XLP,1.5326793639125176,1.741169012156809,0.039880335853634825,1.0783652191602835
72,B,XLU,1.344230200809148,1.4967211638594702,-0.07861991355128285,-2.0730890502824506
72,B,XLV,1.2812669413152837,1.2544770096789712,-0.05678772411599293,-1.5177346824295173
72,B,XLRE,1.3947030832535035,1.5284095636197257,-0.07643898328457781,-2.0312152695507697
72,B,XLY,1.7780591731359887,2.140689702390809,-0.027245629903297253,-0.7231767182032458
73,B,XLB,-0.6919251063201247,0.19972287516419007,0.031028235833984955,0.8512853577214954
73,B,XLC,-0.744631408012991,0.20814733737497512,0.019251467911070918,0.5280235150414816
73,B,XLE,-0.7394015487515258,0.23964551518040497,-0.03201402521880504,-0.8783586263801122
73,B,XLF,-0.6893339413896851,0.20583962865190203,-0.016772940574518662,-0.46002266284047527
73,B,XLI,-0.7788417455273398,0.2015886285780602,-0.0780363444775524,-2.1465066363029712
73,B,XLK,-0.7771817161340182,0.20690825541215102,0.03521856708629238,0.9663848383102966
73,B,XLP,-0.7080063966420603,0.22769664654846747,0.05251283473062975,1.4420290687099429
73,B,XLU,-0.6931863271340095,0.23338909394738788,-0.024041817423988632,-0.6594802051898212
73,B,XLV,-0.785777934723115,0.2211631407845365,0.020460243370549764,0.5611909219592619
73,B,XLRE,-0.6951561056359717,0.20502737026488682,0.024972441702115766,0.6850233707761766
73,B,XLY,-0.773659601870258,0.2211730113468605,0.03224909784602952,0.8848149293883288
74,B,XLB,-0.1582360570687419,0.36519911138711825,0.06420328430004489,1.7724544250292762
74,B,XLC,-0.1219195849546044,0.3274053030817628,-0.039921973473862546,-1.1007260563944516
74,B,XLE,-0.16342412451361868,0.3699922082564696,-0.029626033663484135,-0.8165543075198397
74,B,XLF,-0.07133592736705577,0.25755222391819727,-0.028090297140768918,-0.7741919157819381
74,B,XLI,-0.010376134889753566,0.10139924255513957,0.022110839419469994,0.6093015814868469
74,B,XLK,-0.13229571984435798,0.33903192313369923,-0.05295352655496614,-1.460916952927399
74,B,XLP,-0.19455252918287938,0.3961128014314579,-0.002984699817650843,-0.08222871081947257
74,B,XLU,-0.08949416342412451,0.285641003285762,-0.04416366402640195,-1.2178952290512335
74,B,XLV,0.0,0.0,,
74,B,XLRE,-0.0648508430609598,0.24642234320330328,-0.04031842017377324,-1.1116745691507501
74,B,XLY,-0.16990920881971466,0.3757968048021453,-0.06236709568147222,-1.7215620593357155
75,B,XLB,0.010376134889753566,0.10139924255513853,0.04087865900776201,1.1271473628010455
75,B,XLC,0.0,0.0,,
75,B,XLE,0.03372243839169909,0.1806309885604686,0.039027917733997546,1.0760371733613021
75,B,XLF,0.038910505836575876,0.19350722267436624,0.02732680757605383,0.7531335642686555
75,B,XLI,0.007782101167315175,0.08792933550785163,-0.026173887169388305,-0.7213365301474314
75,B,XLK,0.057068741893644616,0.23212450576685192,-0.015453887281356264,-0.42580474236683385
75,B,XLP,0.10894941634241245,0.3117779950817426,0.052426638034766083,1.4463405381970862
75,B,XLU,0.10376134889753567,0.3051486588707945,-0.05115482109618347,-1.411160583285851
75,B,XLV,0.0,0.0,,
75,B,XLRE,0.0,0.0,,
75,B,XLY,0.04669260700389105,0.21111659284964127,-0.01946991908965416,-0.5364970842210817
77,B,XLB,0.4242424242424242,0.2069703950023402,0.061044307292161266,1.6782372194110153
77,B,XLC,0.4285204991087343,0.24996875496742477,0.0186950116861113,0.5130965990559606
77,B,XLE,0.42970885323826497,0.23552143399248368,-0.016888382365953726,-0.4634975942256442
77,B,XLF,0.44551396316102193,0.2161847778540122,-0.03909950771302056,-1.0737446180420418
77,B,XLI,0.3548425430778372,0.21788914781868496,0.04591393019803165,1.261247175401357
77,B,XLK,0.3383244206773618,0.25411872926383433,0.03800891594684983,1.043751003296694
77,B,XLP,0.3907308377896613,0.23154123546292005,0.016177123130200956,0.44397203332209206
77,B,XLU,0.4265002970885324,0.2422525196500842,-0.018938299231265464,-0.5197761622368557
77,B,XLV,0.3380867498514557,0.2595702948216047,-0.01827104136488247,-0.50145653047564
77,B,XLRE,0.3437908496732026,0.20324015772334753,-0.02888795361140686,-0.7930408417905707
77,B,XLY,0.31931075460487224,0.24425226081536172,0.048614355541343794,1.3355981982470344
78,B,XLB,0.7462181695620432,0.250530639408,0.0711797316532761,0.9166452732084862
78,B,XLC,0.7914103731429429,0.2946934627400517,-0.13722731787260634,-1.4726785533777202
78,B,XLE,0.8699958801925272,0.2637076711466249,-0.011384878983753052,-0.1839402700488169
78,B,XLF,0.7563066728605049,0.32385918359076893,-0.09440021056658053,-1.0079893518781655
78,B,XLI,0.9767750603712404,0.08472870664208335,0.07854805857973736,0.5789969018130754
78,B,XLK,0.8007966569300345,0.2983656590610641,-0.11138575539966301,-1.604787513676659
78,B,XLP,0.6958625153483478,0.25555016673857467,-0.06274619424875766,-0.9154021637092612
78,B,XLU,0.7974202085246662,0.2866299408771839,0.009749630681571227,0.09249751419151131
78,B,XLV,1.0,0.0,,
78,B,XLRE,0.7196589382003629,0.2932504313214766,-0.04517163408422747,-0.4168874303434682
78,B,XLY,0.6846784438774891,0.29816052182842656,-0.04815159948749241,-0.5703990491671121
81,B,XLB,-0.0959792477302205,0.29475399310594924,0.0792824398683809,2.1911248592893577
81,B,XLC,-0.04539559014267185,0.2083053276778334,-0.02244536763956313,-0.6185246843806445
81,B,XLE,-0.08041504539559015,0.2721111957238755,0.006059466221767689,0.1669410843059357
81,B,XLF,-0.038910505836575876,0.19350722267436593,0.013325276810145484,0.3671433685101098
81,B,XLI,-0.007782101167315175,0.08792933550785163,0.024956497068486527,0.6877645743534845
81,B,XLK,-0.055771725032425425,0.22962933379633502,-0.044611111234505625,-1.230258900745542
81,B,XLP,-0.12321660181582361,0.3288990348125777,0.017753192931129053,0.48917675417989187
81,B,XLU,-0.020752269779507133,0.14264643277629516,0.00500322400206699,0.1378403194876501
81,B,XLV,0.0,0.0,,
81,B,XLRE,-0.028534370946822308,0.16660180320179813,-0.01560108184586104,-0.42986141297480013
81,B,XLY,-0.07911802853437094,0.2700981068979824,-0.05379452475758556,-1.48418577836427
83,B,XLB,-0.21127301643353422,3.736582046520396,-0.06218587656486196,-1.7142772216725601
83,B,XLC,-0.06050086730948515,2.085586195018369,-0.03462222235731327,-0.953154562709151
83,B,XLE,-0.4314803260076518,8.284631749211378,0.022664192125551312,0.6237344800813811
83,B,XLF,-0.5649829602463096,5.401314257689154,0.02885779571634894,0.7922122477412127
83,B,XLI,-0.6354511854009584,6.630091782268168,-0.0016520543339966275,-0.0454540786444162
83,B,XLK,-1.4252030791742694,11.38642391240335,0.03273074687890993,0.9004291957005998
83,B,XLP,-0.46145559393528374,3.8933924320015496,-0.018474708570380898,-0.5083931195657314
83,B,XLU,-0.19690596574449015,4.813751443571314,0.04658904284074641,1.2806819830542329
83,B,XLV,-0.4901838869838791,6.025768529043045,0.04256808990638892,1.1707157899248357
83,B,XLRE,-0.04373557170158082,1.378995860576763,-0.003297119133100467,-0.0906562807795827
83,B,XLY,-0.9061960285019318,9.1992731333248,0.06546631548940328,1.8050884895359727
84,B,XLB,11064.516481964236,219525.25410060427,-0.03912310557825878,-1.0765317510161503
84,B,XLC,10169683.79963632,263990245.04485944,-0.012553011395586683,-0.34517794683247593
84,B,XLE,15320199.457414525,415806424.3600611,-0.03042648354880292,-0.8380838802188836
84,B,XLF,1224.8325422582345,23856.702188814364,0.006920393854120942,0.1904097362016118
84,B,XLI,3060752280.5261483,83141352640.44164,-0.011679172908298393,-0.3213583948448869
84,B,XLK,1098661.7728490245,16903466.02627232,0.07050184778400356,1.9433159773016364
84,B,XLP,16284.669667594782,337588.01029562607,0.015535945663390135,0.4272194431227295
84,B,XLU,1073.5454647828556,23479.774833757536,0.06590157953894864,1.815941484185247
84,B,XLV,456337477535.5711,12639542542399.379,-0.021735178857809852,-0.5977598270864493
84,B,XLRE,3159.566653095524,69842.0688740867,0.02727975550409735,0.7498520918020297
84,B,XLY,11853245700015.861,328477980796934.25,-0.029854555212551034,-0.8212306153410383
85,A,XLB,0.7085994450052276,0.226364879948458,-0.030273319460483963,-0.8250135804714508
85,A,XLC,0.7193849791158919,0.23079576465434148,-0.005690038566290425,-0.1549973215018792
85,A,XLE,0.7518925765317581,0.26712131121576116,0.04697436253266192,1.2861492791401057
85,A,XLF,0.7027367048941524,0.24484850791586601,-0.017561659309455007,-0.47812519853542523
85,A,XLI,0.7031420452328557,0.22007900754383503,0.008559711115478348,0.23505023589513585
85,A,XLK,0.7389713076008518,0.2389406839901342,0.0226353459091051,0.616737525791935
85,A,XLP,0.6998260056144892,0.2528945208498776,0.03428185971076265,0.9356344251875682
85,A,XLU,0.6920405047208137,0.2450351707251232,-0.06534060365906405,-1.7679744258188552
85,A,XLV,0.707392247294393,0.2404136259579868,0.02379637119422119,0.6479520033501913
85,A,XLRE,0.7246776787091259,0.22450833586804042,-0.03735606942911693,-1.021703097847717
85,A,XLY,0.7209386907047448,0.23055912419155802,0.019934789720610715,0.5416592329614445
86,B,XLB,-0.48638132295719844,0.5001389467860617,-0.0670522239986791,-1.8514524834429813
86,B,XLC,-0.5175097276264592,0.5000176862807557,-0.014506175018488637,-0.39968651863615895
86,B,XLE,-0.5265888456549935,0.49961664351062435,-0.06267444468947746,-1.730079401306396
86,B,XLF,-0.5006485084306096,0.5003241491426392,-0.05319495723197172,-1.4675965607209935
86,B,XLI,-0.5460440985732814,0.498198618010783,0.016964741310331422,0.46744512413963196
86,B,XLK,-0.5278858625162127,0.49954583783530265,0.04875209150521194,1.344716898643848
86,B,XLP,-0.4915693904020752,0.5002534436073952,0.027823607629495838,0.7668360094990442
86,B,XLU,-0.496757457846952,0.5003140489636643,-0.008230950318849437,-0.22676998962710868
86,B,XLV,-0.5460440985732814,0.4981986180107829,0.11567125036260414,3.2082730639299495
86,B,XLRE,-0.47600518806744485,0.49974811314944323,0.0033776544185416695,0.09305475679094984
86,B,XLY,-0.51621271076524,0.5000614781885285,0.041340190129666284,1.1398948254812906
88,A,XLB,0.45019573727707696,0.21675092769423468,-0.0241531661347016,-0.5991538327734734
88,A,XLC,0.4115767045454545,0.1680905620275842,-0.03425922121242831,-0.8590378947437712
88,A,XLE,0.3454211229946524,0.20049977271819433,-0.09463807551505224,-2.194740190115185
88,A,XLF,0.4165906557210905,0.18302969811437708,-0.029489888686519937,-0.7141852331972375
88,A,XLI,0.4206002331002331,0.14758003666365013,-0.03537273870787195,-0.875621201262751
88,A,XLK,0.4151414309484193,0.18560055623025157,-0.10617379096529438,-2.591413679348367
88,A,XLP,0.4289617486338798,0.21728030828694722,0.007505733059732854,0.18355065570335213
88,A,XLU,0.4293271700051361,0.18454755485455684,-0.02083583384468958,-0.5010361894313258
88,A,XLV,0.421460986678378,0.13807585905462186,-0.026186969577909,-0.646992315681882
88,A,XLRE,0.40765035756546797,0.1794260842565399,0.041240979372558696,0.9914858469236681
88,A,XLY,0.3948594100396757,0.18892620769810697,0.02822932734147311,0.6408807940003933
92,A,XLB,0.02040816326530612,0.05399492471560389,,
92,A,XLC,0.12987012987012989,0.22869508096271352,,
92,A,XLE,0.007518796992481203,0.019892867000485644,,
92,A,XLF,0.02040816326530612,0.05187664565732592,,
92,A,XLI,,,,
92,A,XLK,0.03502820279136069,0.06548922178986948,,
92,A,XLP,0.08368323405917391,0.15195231649060245,-0.06942012243639702,-0.60264978024429
92,A,XLU,0.0825874209332856,0.14793983611077163,-0.01790927968333224,-0.13989838330623086
92,A,XLV,,,,
92,A,XLRE,0.02040816326530612,0.05399492471560389,,
92,A,XLY,0.04395604395604395,0.06723981776166309,,
94,B,XLB,-0.584059266634174,0.2197922934938226,0.007809087775936433,0.21070713234021657
94,B,XLC,-0.7088796743913135,0.22382411576586514,-0.0634501234742912,-1.7189654255100362
94,B,XLE,-0.6625830713540576,0.2926861778263543,-0.05402477462562219,-1.430428850558624
94,B,XLF,-0.5479714557525898,0.21792674295156508,0.00469138205227767,0.12658180113345122
94,B,XLI,-0.7896286437143945,0.20346457577547752,-0.019696670009501434,-0.5351866238779186
94,B,XLK,-0.7845658825206827,0.2150509411708946,0.01163718195743527,0.31141085365713944
94,B,XLP,-0.6141795806535393,0.24181506517696888,0.03896468503926282,1.0535679088087173
94,B,XLU,-0.49486904949888316,0.2545101101184636,0.013467682255506333,0.3616595047473347
94,B,XLV,-0.7799275285344665,0.23141883924313159,0.0325212064584718,0.8761237119601704
94,B,XLRE,-0.5646798882127587,0.22768246536857795,0.08284012124242023,2.230500272007697
94,B,XLY,-0.7880968811348055,0.24157663494462622,-0.0015771499701764577,-0.0418168384215423
95,A,XLB,0.6614785992217899,0.47351396309159777,0.04607840822583093,1.2708078749791927
95,A,XLC,0.6070038910505836,0.48873302805531205,-0.03516497911463983,-0.9693931285241619
95,A,XLE,0.6199740596627756,0.4857079442611887,-0.028815817312268614,-0.794204262277751
95,A,XLF,0.7263294422827496,0.44613129556810266,0.018527378198734026,0.5105160570958732
95,A,XLI,0.4163424124513619,0.49327172459989604,-0.012480997687396118,-0.3438777048686918
95,A,XLK,0.4578469520103761,0.49854336645291625,-0.025648607431734836,-0.7068505104433376
95,A,XLP,0.6679636835278858,0.47124965532129376,0.055800681955493016,1.5397052274476104
95,A,XLU,0.7522697795071336,0.4319745180764176,0.029048984717264026,0.8006360880256347
95,A,XLV,0.4176394293125811,0.4934902251184596,0.05183854908975899,1.4300724384744237
95,A,XLRE,0.7107652399481194,0.45370144154817754,-0.015106987022028511,-0.41624430758934217
95,A,XLY,0.4383916990920882,0.49651199709139093,-0.033489561660868555,-0.9231537313735867
96,B,XLB,-0.7106164383561644,0.3181772450781605,0.012866231250039821,0.10842176596503011
96,B,XLC,-0.3161057692307692,0.2304085897850161,,
96,B,XLE,-0.29260935143288086,0.3135456169800014,-0.17853333921467146,-1.270139611489521
96,B,XLF,-0.23344017094017092,0.32199178008627727,,
96,B,XLI,-0.676923076923077,0.34932074596772106,,
96,B,XLK,-0.3882918552036199,0.3113659738679524,-0.13231558612883257,-1.084471971182611
96,B,XLP,-0.41158951667801225,0.344487313484237,-0.13396954916451473,-1.4242961740903264
96,B,XLU,-0.6923076923076923,0.21757131728816848,,
96,B,XLV,,,,
96,B,XLRE,-0.3139423076923077,0.23906062511859372,,
96,B,XLY,-0.4817813765182186,0.372609155261139,0.06812724357160359,0.5064217605941624
98,B,XLB,-0.27555916305916306,0.4020385024441389,0.03551190293257504,0.3015186703771551
98,B,XLC,0.05247065247065248,0.3914514532490194,0.18976732616825998,2.017896058289232
98,B,XLE,-0.09962873770820788,0.4387577933100557,-0.04712030005947826,-0.5561579126580486
98,B,XLF,-0.008373507805325989,0.36648987526029947,-0.13002851890222286,-1.495247489167282
98,B,XLI,-0.2755681818181818,0.16728249404219878,,
98,B,XLK,-0.14144610663598006,0.36510577520012233,-0.02568495788647573,-0.3938728922552092
98,B,XLP,-0.1730999930656681,0.4001638880486224,0.022486879584809282,0.46911968084230005
98,B,XLU,-0.32039275736084244,0.4044535658830532,0.032582815206511566,0.5455044222141892
98,B,XLV,,,,
98,B,XLRE,-0.24670454545454543,0.37472881697072236,0.06563562054245022,0.4054794909221844
98,B,XLY,-0.26893030303030296,0.4031687945752339,0.06605185540784095,1.042462196757287
99,A,XLB,-0.4656290531776913,0.4991410412928112,0.02129472874257176,0.586801872951955
99,A,XLC,-0.5473411154345007,0.49807688511829507,0.05874026035031597,1.6210906444371647
99,A,XLE,-0.44487678339818415,0.49727473304263575,-0.004039309786584327,-0.1112837092059361
99,A,XLF,-0.4565499351491569,0.49843185628567654,-0.045570689384211896,-1.2567760688243823
99,A,XLI,-0.40077821011673154,0.49037427141933,0.008110170088941198,0.22344216653419033
99,A,XLK,-0.33852140077821014,0.473513963091598,0.023455803420162704,0.6463841565593019
99,A,XLP,-0.45136186770428016,0.4979517397454008,-0.02735314800875252,-0.753860056393596
99,A,XLU,-0.44357976653696496,0.4971290561807549,-0.052879494210547946,-1.458868768363678
99,A,XLV,-0.46433203631647213,0.49904991682078864,-0.012722055134115963,-0.35052040885082975
99,A,XLRE,-0.4798962386511025,0.49991998281685035,-0.035041570086011206,-0.9659869214217762
99,A,XLY,-0.46433203631647213,0.49904991682078875,0.013592623172952449,0.3745107504788025
101,A,XLB,0.03846909961255006,0.5307430147695845,0.04980123438509041,1.3737263378747953
101,A,XLC,0.03687181086143049,0.5610641612392067,0.02038652665238363,0.5617646340569692
101,A,XLE,0.03671246411921491,0.5203105552866352,-0.01397067447642305,-0.38492901495331105
101,A,XLF,0.06211289339981899,0.5236802461782091,-0.017173762129396097,-0.4732061558649737
101,A,XLI,0.04902357446281438,0.5349651207274627,0.018863372314158095,0.5197775350043844
101,A,XLK,0.06343040190026009,0.574666892842912,-0.013258396307920306,-0.3653003253051227
101,A,XLP,0.05217906164830799,0.5274890126440873,0.010427518965336986,0.2872932939538507
101,A,XLU,0.029388600013440763,0.5274265893933798,-0.04338888321851812,-1.1964885463832613
101,A,XLV,0.042776229767618974,0.5187582463450737,-0.02385136859562632,-0.6572911116624459
101,A,XLRE,0.0043070585940296275,0.5412382666503914,-0.015898254601387163,-0.43805155618042674
101,A,XLY,0.04249401046833948,0.5575066459640837,-0.03756331574336534,-1.0355985184579097
